env = require('test_run')
---
...
test_run = env.new()
---
...
engine = test_run:get_cfg('engine')
---
...
_ = box.space._session_settings:update('sql_default_engine', {{'=', 2, engine}})
---
...
-- create space
box.execute("CREATE TABLE foobar (foo INT PRIMARY KEY, bar TEXT)")
---
- row_count: 1
...
-- prepare data
box.execute("INSERT INTO foobar VALUES (1, 'foo')")
---
- row_count: 1
...
box.execute("INSERT INTO foobar VALUES (2, 'bar')")
---
- row_count: 1
...
box.execute("INSERT INTO foobar VALUES (1000, 'foobar')")
---
- row_count: 1
...
box.execute("INSERT INTO foobar VALUES (1, 'duplicate')")
---
- null
- Duplicate key exists in unique index 'pk_unnamed_FOOBAR_1' in space 'FOOBAR'
...
-- simple select
box.execute("SELECT bar, foo, 42, 'awesome' FROM foobar")
---
- rows:
  - ['foo', 1, 42, 'awesome']
  - ['bar', 2, 42, 'awesome']
  - ['foobar', 1000, 42, 'awesome']
  metadata:
  - name: BAR
    type: string
  - name: FOO
    type: integer
  - name: '42'
    type: integer
  - name: '''awesome'''
    type: string
...
box.execute("SELECT bar, foo, 42, 'awesome' FROM foobar LIMIT 2")
---
- rows:
  - ['foo', 1, 42, 'awesome']
  - ['bar', 2, 42, 'awesome']
  metadata:
  - name: BAR
    type: string
  - name: FOO
    type: integer
  - name: '42'
    type: integer
  - name: '''awesome'''
    type: string
...
box.execute("SELECT bar, foo, 42, 'awesome' FROM foobar WHERE foo=2")
---
- rows:
  - ['bar', 2, 42, 'awesome']
  metadata:
  - name: BAR
    type: string
  - name: FOO
    type: integer
  - name: '42'
    type: integer
  - name: '''awesome'''
    type: string
...
box.execute("SELECT bar, foo, 42, 'awesome' FROM foobar WHERE foo>2")
---
- rows:
  - ['foobar', 1000, 42, 'awesome']
  metadata:
  - name: BAR
    type: string
  - name: FOO
    type: integer
  - name: '42'
    type: integer
  - name: '''awesome'''
    type: string
...
box.execute("SELECT bar, foo, 42, 'awesome' FROM foobar WHERE foo>=2")
---
- rows:
  - ['bar', 2, 42, 'awesome']
  - ['foobar', 1000, 42, 'awesome']
  metadata:
  - name: BAR
    type: string
  - name: FOO
    type: integer
  - name: '42'
    type: integer
  - name: '''awesome'''
    type: string
...
box.execute("SELECT bar, foo, 42, 'awesome' FROM foobar WHERE foo=10000")
---
- rows: []
  metadata:
  - name: BAR
    type: string
  - name: FOO
    type: integer
  - name: '42'
    type: integer
  - name: '''awesome'''
    type: string
...
box.execute("SELECT bar, foo, 42, 'awesome' FROM foobar WHERE foo>10000")
---
- rows: []
  metadata:
  - name: BAR
    type: string
  - name: FOO
    type: integer
  - name: '42'
    type: integer
  - name: '''awesome'''
    type: string
...
box.execute("SELECT bar, foo, 42, 'awesome' FROM foobar WHERE foo<2")
---
- rows:
  - ['foo', 1, 42, 'awesome']
  metadata:
  - name: BAR
    type: string
  - name: FOO
    type: integer
  - name: '42'
    type: integer
  - name: '''awesome'''
    type: string
...
box.execute("SELECT bar, foo, 42, 'awesome' FROM foobar WHERE foo<2.001")
---
- rows:
  - ['foo', 1, 42, 'awesome']
  - ['bar', 2, 42, 'awesome']
  metadata:
  - name: BAR
    type: string
  - name: FOO
    type: integer
  - name: '42'
    type: integer
  - name: '''awesome'''
    type: string
...
box.execute("SELECT bar, foo, 42, 'awesome' FROM foobar WHERE foo<=2")
---
- rows:
  - ['foo', 1, 42, 'awesome']
  - ['bar', 2, 42, 'awesome']
  metadata:
  - name: BAR
    type: string
  - name: FOO
    type: integer
  - name: '42'
    type: integer
  - name: '''awesome'''
    type: string
...
box.execute("SELECT bar, foo, 42, 'awesome' FROM foobar WHERE foo<100")
---
- rows:
  - ['foo', 1, 42, 'awesome']
  - ['bar', 2, 42, 'awesome']
  metadata:
  - name: BAR
    type: string
  - name: FOO
    type: integer
  - name: '42'
    type: integer
  - name: '''awesome'''
    type: string
...
box.execute("SELECT bar, foo, 42, 'awesome' FROM foobar WHERE bar='foo'")
---
- rows:
  - ['foo', 1, 42, 'awesome']
  metadata:
  - name: BAR
    type: string
  - name: FOO
    type: integer
  - name: '42'
    type: integer
  - name: '''awesome'''
    type: string
...
box.execute("SELECT count(*) FROM foobar")
---
- rows:
  - [3]
  metadata:
  - name: count(*)
    type: integer
...
box.execute("SELECT count(*) FROM foobar WHERE bar='foo'")
---
- rows:
  - [1]
  metadata:
  - name: count(*)
    type: integer
...
box.execute("SELECT bar, foo, 42, 'awesome' FROM foobar ORDER BY bar")
---
- rows:
  - ['bar', 2, 42, 'awesome']
  - ['foo', 1, 42, 'awesome']
  - ['foobar', 1000, 42, 'awesome']
  metadata:
  - name: BAR
    type: string
  - name: FOO
    type: integer
  - name: '42'
    type: integer
  - name: '''awesome'''
    type: string
...
box.execute("SELECT bar, foo, 42, 'awesome' FROM foobar ORDER BY bar DESC")
---
- rows:
  - ['foobar', 1000, 42, 'awesome']
  - ['foo', 1, 42, 'awesome']
  - ['bar', 2, 42, 'awesome']
  metadata:
  - name: BAR
    type: string
  - name: FOO
    type: integer
  - name: '42'
    type: integer
  - name: '''awesome'''
    type: string
...
-- updates
box.execute("REPLACE INTO foobar VALUES (1, 'cacodaemon')")
---
- row_count: 2
...
box.execute("SELECT COUNT(*) FROM foobar WHERE foo=1")
---
- rows:
  - [1]
  metadata:
  - name: COUNT(*)
    type: integer
...
box.execute("SELECT COUNT(*) FROM foobar WHERE bar='cacodaemon'")
---
- rows:
  - [1]
  metadata:
  - name: COUNT(*)
    type: integer
...
box.execute("DELETE FROM foobar WHERE bar='cacodaemon'")
---
- row_count: 1
...
box.execute("SELECT COUNT(*) FROM foobar WHERE bar='cacodaemon'")
---
- rows:
  - [0]
  metadata:
  - name: COUNT(*)
    type: integer
...
-- multi-index
-- create space
box.execute("CREATE TABLE barfoo (bar TEXT, foo NUMBER PRIMARY KEY)")
---
- row_count: 1
...
box.execute("CREATE UNIQUE INDEX barfoo2 ON barfoo(bar)")
---
- row_count: 1
...
-- prepare data
box.execute("INSERT INTO barfoo VALUES ('foo', 1)")
---
- row_count: 1
...
box.execute("INSERT INTO barfoo VALUES ('bar', 2)")
---
- row_count: 1
...
box.execute("INSERT INTO barfoo VALUES ('foobar', 1000)")
---
- row_count: 1
...
-- create a trigger
box.execute("CREATE TRIGGER tfoobar AFTER INSERT ON foobar FOR EACH ROW BEGIN INSERT INTO barfoo VALUES ('trigger test', 9999); END")
---
- row_count: 1
...
box.execute("SELECT \"name\", \"opts\" FROM \"_trigger\"");
---
- rows:
  - ['TFOOBAR', {'sql': 'CREATE TRIGGER tfoobar AFTER INSERT ON foobar FOR EACH ROW
        BEGIN INSERT INTO barfoo VALUES (''trigger test'', 9999); END'}]
  metadata:
  - name: name
    type: string
  - name: opts
    type: map
...
-- Many entries
box.execute("CREATE TABLE t1(a INT,b INT,c INT,PRIMARY KEY(b,c));")
---
- row_count: 1
...
box.execute("WITH RECURSIVE cnt(x) AS (VALUES(1) UNION ALL SELECT x+1 FROM cnt WHERE x<1000) INSERT INTO t1 SELECT x, x%40, x/40 FROM cnt;")
---
- row_count: 1000
...
box.execute("SELECT a FROM t1 ORDER BY b, a LIMIT 10 OFFSET 20;");
---
- rows:
  - [840]
  - [880]
  - [920]
  - [960]
  - [1000]
  - [1]
  - [41]
  - [81]
  - [121]
  - [161]
  metadata:
  - name: A
    type: integer
...
test_run:cmd('restart server default');
-- prove that trigger survived
box.execute("SELECT \"name\", \"opts\" FROM \"_trigger\"");
---
- rows:
  - ['TFOOBAR', {'sql': 'CREATE TRIGGER tfoobar AFTER INSERT ON foobar FOR EACH ROW
        BEGIN INSERT INTO barfoo VALUES (''trigger test'', 9999); END'}]
  metadata:
  - name: name
    type: string
  - name: opts
    type: map
...
-- ... functional
box.execute("INSERT INTO foobar VALUES ('foobar trigger test', 8888)")
---
- null
- 'Type mismatch: can not convert foobar trigger test to integer'
...
box.execute("SELECT * FROM barfoo WHERE foo = 9999");
---
- rows: []
  metadata:
  - name: BAR
    type: string
  - name: FOO
    type: number
...
-- and still persistent
box.execute("SELECT \"name\", \"opts\" FROM \"_trigger\"")
---
- rows:
  - ['TFOOBAR', {'sql': 'CREATE TRIGGER tfoobar AFTER INSERT ON foobar FOR EACH ROW
        BEGIN INSERT INTO barfoo VALUES (''trigger test'', 9999); END'}]
  metadata:
  - name: name
    type: string
  - name: opts
    type: map
...
-- and can be dropped just once
box.execute("DROP TRIGGER tfoobar")
---
- row_count: 1
...
-- Should error
box.execute("DROP TRIGGER tfoobar")
---
- null
- Trigger 'TFOOBAR' doesn't exist
...
-- Should be empty
box.execute("SELECT \"name\", \"opts\" FROM \"_trigger\"")
---
- rows: []
  metadata:
  - name: name
    type: string
  - name: opts
    type: map
...
-- prove barfoo2 still exists
box.execute("INSERT INTO barfoo VALUES ('xfoo', 1)")
---
- null
- Duplicate key exists in unique index 'pk_unnamed_BARFOO_1' in space 'BARFOO'
...
box.execute("SELECT * FROM barfoo")
---
- rows:
  - ['foo', 1]
  - ['bar', 2]
  - ['foobar', 1000]
  metadata:
  - name: BAR
    type: string
  - name: FOO
    type: number
...
box.execute("SELECT * FROM foobar");
---
- rows:
  - [2, 'bar']
  - [1000, 'foobar']
  metadata:
  - name: FOO
    type: integer
  - name: BAR
    type: string
...
box.execute("SELECT a FROM t1 ORDER BY b, a LIMIT 10 OFFSET 20;");
---
- rows:
  - [840]
  - [880]
  - [920]
  - [960]
  - [1000]
  - [1]
  - [41]
  - [81]
  - [121]
  - [161]
  metadata:
  - name: A
    type: integer
...
-- cleanup
box.execute("DROP TABLE foobar")
---
- row_count: 1
...
box.execute("DROP TABLE barfoo")
---
- row_count: 1
...
box.execute("DROP TABLE t1")
---
- row_count: 1
...
